--
-- PostgreSQL database dump
--

-- Dumped from database version 17.5
-- Dumped by pg_dump version 17.5

-- Started on 2025-06-13 09:45:50

SET statement_timeout = 0;
SET lock_timeout = 0;
SET idle_in_transaction_session_timeout = 0;
SET transaction_timeout = 0;
SET client_encoding = 'UTF8';
SET standard_conforming_strings = on;
SELECT pg_catalog.set_config('search_path', '', false);
SET check_function_bodies = false;
SET xmloption = content;
SET client_min_messages = warning;
SET row_security = off;

--
-- TOC entry 4 (class 2615 OID 2200)
-- Name: public; Type: SCHEMA; Schema: -; Owner: pg_database_owner
--

CREATE SCHEMA public;


ALTER SCHEMA public OWNER TO pg_database_owner;

--
-- TOC entry 4920 (class 0 OID 0)
-- Dependencies: 4
-- Name: SCHEMA public; Type: COMMENT; Schema: -; Owner: pg_database_owner
--

COMMENT ON SCHEMA public IS 'standard public schema';


SET default_tablespace = '';

SET default_table_access_method = heap;

--
-- TOC entry 225 (class 1259 OID 16580)
-- Name: City; Type: TABLE; Schema: public; Owner: postgres
--

CREATE TABLE public."City" (
    "Id" integer NOT NULL,
    "CountryId" integer NOT NULL,
    "CityName" text NOT NULL
);


ALTER TABLE public."City" OWNER TO postgres;

--
-- TOC entry 224 (class 1259 OID 16579)
-- Name: City_Id_seq; Type: SEQUENCE; Schema: public; Owner: postgres
--

ALTER TABLE public."City" ALTER COLUMN "Id" ADD GENERATED BY DEFAULT AS IDENTITY (
    SEQUENCE NAME public."City_Id_seq"
    START WITH 1
    INCREMENT BY 1
    NO MINVALUE
    NO MAXVALUE
    CACHE 1
);


--
-- TOC entry 227 (class 1259 OID 16588)
-- Name: Country; Type: TABLE; Schema: public; Owner: postgres
--

CREATE TABLE public."Country" (
    "Id" integer NOT NULL,
    "CountryName" text NOT NULL
);


ALTER TABLE public."Country" OWNER TO postgres;

--
-- TOC entry 226 (class 1259 OID 16587)
-- Name: Country_Id_seq; Type: SEQUENCE; Schema: public; Owner: postgres
--

ALTER TABLE public."Country" ALTER COLUMN "Id" ADD GENERATED BY DEFAULT AS IDENTITY (
    SEQUENCE NAME public."Country_Id_seq"
    START WITH 1
    INCREMENT BY 1
    NO MINVALUE
    NO MAXVALUE
    CACHE 1
);


--
-- TOC entry 231 (class 1259 OID 16622)
-- Name: MissionApplications; Type: TABLE; Schema: public; Owner: postgres
--

CREATE TABLE public."MissionApplications" (
    "Id" integer NOT NULL,
    "MissionId" integer NOT NULL,
    "UserId" integer NOT NULL,
    "AppliedDate" timestamp with time zone NOT NULL,
    "Status" boolean NOT NULL
);


ALTER TABLE public."MissionApplications" OWNER TO postgres;

--
-- TOC entry 230 (class 1259 OID 16621)
-- Name: MissionApplications_Id_seq; Type: SEQUENCE; Schema: public; Owner: postgres
--

ALTER TABLE public."MissionApplications" ALTER COLUMN "Id" ADD GENERATED BY DEFAULT AS IDENTITY (
    SEQUENCE NAME public."MissionApplications_Id_seq"
    START WITH 1
    INCREMENT BY 1
    NO MINVALUE
    NO MAXVALUE
    CACHE 1
);


--
-- TOC entry 223 (class 1259 OID 16572)
-- Name: MissionSkill; Type: TABLE; Schema: public; Owner: postgres
--

CREATE TABLE public."MissionSkill" (
    "Id" integer NOT NULL,
    "SkillName" text NOT NULL,
    "Status" text NOT NULL,
    "CreatedDate" timestamp with time zone,
    "ModifiedDate" timestamp with time zone,
    "IsDeleted" boolean NOT NULL
);


ALTER TABLE public."MissionSkill" OWNER TO postgres;

--
-- TOC entry 222 (class 1259 OID 16571)
-- Name: MissionSkill_Id_seq; Type: SEQUENCE; Schema: public; Owner: postgres
--

ALTER TABLE public."MissionSkill" ALTER COLUMN "Id" ADD GENERATED BY DEFAULT AS IDENTITY (
    SEQUENCE NAME public."MissionSkill_Id_seq"
    START WITH 1
    INCREMENT BY 1
    NO MINVALUE
    NO MAXVALUE
    CACHE 1
);


--
-- TOC entry 221 (class 1259 OID 16564)
-- Name: MissionThemes; Type: TABLE; Schema: public; Owner: postgres
--

CREATE TABLE public."MissionThemes" (
    "Id" integer NOT NULL,
    "ThemeName" text NOT NULL,
    "Status" text NOT NULL
);


ALTER TABLE public."MissionThemes" OWNER TO postgres;

--
-- TOC entry 220 (class 1259 OID 16563)
-- Name: MissionThemes_Id_seq; Type: SEQUENCE; Schema: public; Owner: postgres
--

ALTER TABLE public."MissionThemes" ALTER COLUMN "Id" ADD GENERATED BY DEFAULT AS IDENTITY (
    SEQUENCE NAME public."MissionThemes_Id_seq"
    START WITH 1
    INCREMENT BY 1
    NO MINVALUE
    NO MAXVALUE
    CACHE 1
);


--
-- TOC entry 229 (class 1259 OID 16596)
-- Name: Missions; Type: TABLE; Schema: public; Owner: postgres
--

CREATE TABLE public."Missions" (
    "Id" integer NOT NULL,
    "MissionTitle" text NOT NULL,
    "MissionDescription" text NOT NULL,
    "CountryId" integer NOT NULL,
    "CityId" integer NOT NULL,
    "StartDate" timestamp with time zone NOT NULL,
    "EndDate" timestamp with time zone NOT NULL,
    "TotalSheets" integer,
    "RegistrationDeadLine" timestamp with time zone,
    "MissionThemeId" integer NOT NULL,
    "MissionSkillId" text NOT NULL,
    "MissionImages" text NOT NULL,
    "CreatedDate" timestamp with time zone,
    "ModifiedDate" timestamp with time zone,
    "IsDeleted" boolean NOT NULL
);


ALTER TABLE public."Missions" OWNER TO postgres;

--
-- TOC entry 228 (class 1259 OID 16595)
-- Name: Missions_Id_seq; Type: SEQUENCE; Schema: public; Owner: postgres
--

ALTER TABLE public."Missions" ALTER COLUMN "Id" ADD GENERATED BY DEFAULT AS IDENTITY (
    SEQUENCE NAME public."Missions_Id_seq"
    START WITH 1
    INCREMENT BY 1
    NO MINVALUE
    NO MAXVALUE
    CACHE 1
);


--
-- TOC entry 219 (class 1259 OID 16556)
-- Name: User; Type: TABLE; Schema: public; Owner: postgres
--

CREATE TABLE public."User" (
    id integer NOT NULL,
    first_name text NOT NULL,
    last_name text NOT NULL,
    phone_number text NOT NULL,
    email_address text NOT NULL,
    user_type text NOT NULL,
    password text NOT NULL,
    user_image text NOT NULL,
    is_deleted boolean NOT NULL,
    "CreatedDate" timestamp with time zone,
    "ModifiedDate" timestamp with time zone
);


ALTER TABLE public."User" OWNER TO postgres;

--
-- TOC entry 218 (class 1259 OID 16555)
-- Name: User_id_seq; Type: SEQUENCE; Schema: public; Owner: postgres
--

ALTER TABLE public."User" ALTER COLUMN id ADD GENERATED BY DEFAULT AS IDENTITY (
    SEQUENCE NAME public."User_id_seq"
    START WITH 1
    INCREMENT BY 1
    NO MINVALUE
    NO MAXVALUE
    CACHE 1
);


--
-- TOC entry 217 (class 1259 OID 16550)
-- Name: __EFMigrationsHistory; Type: TABLE; Schema: public; Owner: postgres
--

CREATE TABLE public."__EFMigrationsHistory" (
    "MigrationId" character varying(150) NOT NULL,
    "ProductVersion" character varying(32) NOT NULL
);


ALTER TABLE public."__EFMigrationsHistory" OWNER TO postgres;

--
-- TOC entry 4908 (class 0 OID 16580)
-- Dependencies: 225
-- Data for Name: City; Type: TABLE DATA; Schema: public; Owner: postgres
--

COPY public."City" ("Id", "CountryId", "CityName") FROM stdin;
1	1	Ahmedabad
2	1	Rajkot
3	1	Surat
4	1	Jamnagar
5	2	New York
6	2	California
7	2	Texas
8	3	London
9	3	Manchester
10	3	Birmingham
11	4	Moscow
12	4	Saint Petersburg
13	4	Yekaterinburg
\.


--
-- TOC entry 4910 (class 0 OID 16588)
-- Dependencies: 227
-- Data for Name: Country; Type: TABLE DATA; Schema: public; Owner: postgres
--

COPY public."Country" ("Id", "CountryName") FROM stdin;
1	India
2	USA
3	UK
4	Russia
\.


--
-- TOC entry 4914 (class 0 OID 16622)
-- Dependencies: 231
-- Data for Name: MissionApplications; Type: TABLE DATA; Schema: public; Owner: postgres
--

COPY public."MissionApplications" ("Id", "MissionId", "UserId", "AppliedDate", "Status") FROM stdin;
2	1	3	2025-06-11 13:59:51+05:30	f
1	1	3	2025-06-11 13:57:22+05:30	t
\.


--
-- TOC entry 4906 (class 0 OID 16572)
-- Dependencies: 223
-- Data for Name: MissionSkill; Type: TABLE DATA; Schema: public; Owner: postgres
--

COPY public."MissionSkill" ("Id", "SkillName", "Status", "CreatedDate", "ModifiedDate", "IsDeleted") FROM stdin;
1	.NET 8	active	2025-06-11 13:50:14.909168+05:30	\N	f
2	Angular	active	2025-06-11 13:50:28.322905+05:30	\N	f
\.


--
-- TOC entry 4904 (class 0 OID 16564)
-- Dependencies: 221
-- Data for Name: MissionThemes; Type: TABLE DATA; Schema: public; Owner: postgres
--

COPY public."MissionThemes" ("Id", "ThemeName", "Status") FROM stdin;
1	.NET 8 Session Theme	active
2	Angular	active
\.


--
-- TOC entry 4912 (class 0 OID 16596)
-- Dependencies: 229
-- Data for Name: Missions; Type: TABLE DATA; Schema: public; Owner: postgres
--

COPY public."Missions" ("Id", "MissionTitle", "MissionDescription", "CountryId", "CityId", "StartDate", "EndDate", "TotalSheets", "RegistrationDeadLine", "MissionThemeId", "MissionSkillId", "MissionImages", "CreatedDate", "ModifiedDate", "IsDeleted") FROM stdin;
1	Summer Internship 2025	Learn .NET	1	1	2025-06-11 05:30:00+05:30	2025-06-25 05:30:00+05:30	48	\N	1	1	UploadMissionImage\\Mission\\NoImg_20250611135151.png	\N	\N	f
\.


--
-- TOC entry 4902 (class 0 OID 16556)
-- Dependencies: 219
-- Data for Name: User; Type: TABLE DATA; Schema: public; Owner: postgres
--

COPY public."User" (id, first_name, last_name, phone_number, email_address, user_type, password, user_image, is_deleted, "CreatedDate", "ModifiedDate") FROM stdin;
2	Vidhi	Sirsath	8973749726	vidhi@gmail.com	user	vidhi		f	2025-06-11 13:56:19.352218+05:30	\N
3	Himani	Sirsath	9737497268	himani@gmail.com	user	himani		f	2025-06-11 13:57:02.246619+05:30	\N
1	Tatva	Admin	9876543210	admin@tatvasoft.com	admin	admin		f	2019-01-01 05:30:00+05:30	2025-06-12 15:51:30.436946+05:30
\.


--
-- TOC entry 4900 (class 0 OID 16550)
-- Dependencies: 217
-- Data for Name: __EFMigrationsHistory; Type: TABLE DATA; Schema: public; Owner: postgres
--

COPY public."__EFMigrationsHistory" ("MigrationId", "ProductVersion") FROM stdin;
20250604055609_Initial	9.0.5
20250605055215_addnewentities	9.0.5
20250605062305_createnewmissionthemeentity	9.0.5
20250605083307_mission-skill	9.0.5
20250605091134_mission-country-city	9.0.5
20250605120209_addedItitalValues	9.0.5
20250606063320_amendmissionfields	9.0.5
20250610062549_createnewMissionApplicationEntity	9.0.5
20250610063252_updatenewMissionApplicationEntity	9.0.5
\.


--
-- TOC entry 4921 (class 0 OID 0)
-- Dependencies: 224
-- Name: City_Id_seq; Type: SEQUENCE SET; Schema: public; Owner: postgres
--

SELECT pg_catalog.setval('public."City_Id_seq"', 14, false);


--
-- TOC entry 4922 (class 0 OID 0)
-- Dependencies: 226
-- Name: Country_Id_seq; Type: SEQUENCE SET; Schema: public; Owner: postgres
--

SELECT pg_catalog.setval('public."Country_Id_seq"', 5, false);


--
-- TOC entry 4923 (class 0 OID 0)
-- Dependencies: 230
-- Name: MissionApplications_Id_seq; Type: SEQUENCE SET; Schema: public; Owner: postgres
--

SELECT pg_catalog.setval('public."MissionApplications_Id_seq"', 2, true);


--
-- TOC entry 4924 (class 0 OID 0)
-- Dependencies: 222
-- Name: MissionSkill_Id_seq; Type: SEQUENCE SET; Schema: public; Owner: postgres
--

SELECT pg_catalog.setval('public."MissionSkill_Id_seq"', 2, true);


--
-- TOC entry 4925 (class 0 OID 0)
-- Dependencies: 220
-- Name: MissionThemes_Id_seq; Type: SEQUENCE SET; Schema: public; Owner: postgres
--

SELECT pg_catalog.setval('public."MissionThemes_Id_seq"', 2, true);


--
-- TOC entry 4926 (class 0 OID 0)
-- Dependencies: 228
-- Name: Missions_Id_seq; Type: SEQUENCE SET; Schema: public; Owner: postgres
--

SELECT pg_catalog.setval('public."Missions_Id_seq"', 1, true);


--
-- TOC entry 4927 (class 0 OID 0)
-- Dependencies: 218
-- Name: User_id_seq; Type: SEQUENCE SET; Schema: public; Owner: postgres
--

SELECT pg_catalog.setval('public."User_id_seq"', 3, true);


--
-- TOC entry 4738 (class 2606 OID 16586)
-- Name: City PK_City; Type: CONSTRAINT; Schema: public; Owner: postgres
--

ALTER TABLE ONLY public."City"
    ADD CONSTRAINT "PK_City" PRIMARY KEY ("Id");


--
-- TOC entry 4740 (class 2606 OID 16594)
-- Name: Country PK_Country; Type: CONSTRAINT; Schema: public; Owner: postgres
--

ALTER TABLE ONLY public."Country"
    ADD CONSTRAINT "PK_Country" PRIMARY KEY ("Id");


--
-- TOC entry 4749 (class 2606 OID 16626)
-- Name: MissionApplications PK_MissionApplications; Type: CONSTRAINT; Schema: public; Owner: postgres
--

ALTER TABLE ONLY public."MissionApplications"
    ADD CONSTRAINT "PK_MissionApplications" PRIMARY KEY ("Id");


--
-- TOC entry 4736 (class 2606 OID 16578)
-- Name: MissionSkill PK_MissionSkill; Type: CONSTRAINT; Schema: public; Owner: postgres
--

ALTER TABLE ONLY public."MissionSkill"
    ADD CONSTRAINT "PK_MissionSkill" PRIMARY KEY ("Id");


--
-- TOC entry 4734 (class 2606 OID 16570)
-- Name: MissionThemes PK_MissionThemes; Type: CONSTRAINT; Schema: public; Owner: postgres
--

ALTER TABLE ONLY public."MissionThemes"
    ADD CONSTRAINT "PK_MissionThemes" PRIMARY KEY ("Id");


--
-- TOC entry 4745 (class 2606 OID 16602)
-- Name: Missions PK_Missions; Type: CONSTRAINT; Schema: public; Owner: postgres
--

ALTER TABLE ONLY public."Missions"
    ADD CONSTRAINT "PK_Missions" PRIMARY KEY ("Id");


--
-- TOC entry 4732 (class 2606 OID 16562)
-- Name: User PK_User; Type: CONSTRAINT; Schema: public; Owner: postgres
--

ALTER TABLE ONLY public."User"
    ADD CONSTRAINT "PK_User" PRIMARY KEY (id);


--
-- TOC entry 4730 (class 2606 OID 16554)
-- Name: __EFMigrationsHistory PK___EFMigrationsHistory; Type: CONSTRAINT; Schema: public; Owner: postgres
--

ALTER TABLE ONLY public."__EFMigrationsHistory"
    ADD CONSTRAINT "PK___EFMigrationsHistory" PRIMARY KEY ("MigrationId");


--
-- TOC entry 4746 (class 1259 OID 16639)
-- Name: IX_MissionApplications_MissionId; Type: INDEX; Schema: public; Owner: postgres
--

CREATE INDEX "IX_MissionApplications_MissionId" ON public."MissionApplications" USING btree ("MissionId");


--
-- TOC entry 4747 (class 1259 OID 16638)
-- Name: IX_MissionApplications_UserId; Type: INDEX; Schema: public; Owner: postgres
--

CREATE INDEX "IX_MissionApplications_UserId" ON public."MissionApplications" USING btree ("UserId");


--
-- TOC entry 4741 (class 1259 OID 16618)
-- Name: IX_Missions_CityId; Type: INDEX; Schema: public; Owner: postgres
--

CREATE INDEX "IX_Missions_CityId" ON public."Missions" USING btree ("CityId");


--
-- TOC entry 4742 (class 1259 OID 16619)
-- Name: IX_Missions_CountryId; Type: INDEX; Schema: public; Owner: postgres
--

CREATE INDEX "IX_Missions_CountryId" ON public."Missions" USING btree ("CountryId");


--
-- TOC entry 4743 (class 1259 OID 16620)
-- Name: IX_Missions_MissionThemeId; Type: INDEX; Schema: public; Owner: postgres
--

CREATE INDEX "IX_Missions_MissionThemeId" ON public."Missions" USING btree ("MissionThemeId");


--
-- TOC entry 4753 (class 2606 OID 16640)
-- Name: MissionApplications FK_MissionApplications_Missions_MissionId; Type: FK CONSTRAINT; Schema: public; Owner: postgres
--

ALTER TABLE ONLY public."MissionApplications"
    ADD CONSTRAINT "FK_MissionApplications_Missions_MissionId" FOREIGN KEY ("MissionId") REFERENCES public."Missions"("Id") ON DELETE CASCADE;


--
-- TOC entry 4754 (class 2606 OID 16632)
-- Name: MissionApplications FK_MissionApplications_User_UserId; Type: FK CONSTRAINT; Schema: public; Owner: postgres
--

ALTER TABLE ONLY public."MissionApplications"
    ADD CONSTRAINT "FK_MissionApplications_User_UserId" FOREIGN KEY ("UserId") REFERENCES public."User"(id) ON DELETE CASCADE;


--
-- TOC entry 4750 (class 2606 OID 16603)
-- Name: Missions FK_Missions_City_CityId; Type: FK CONSTRAINT; Schema: public; Owner: postgres
--

ALTER TABLE ONLY public."Missions"
    ADD CONSTRAINT "FK_Missions_City_CityId" FOREIGN KEY ("CityId") REFERENCES public."City"("Id") ON DELETE CASCADE;


--
-- TOC entry 4751 (class 2606 OID 16608)
-- Name: Missions FK_Missions_Country_CountryId; Type: FK CONSTRAINT; Schema: public; Owner: postgres
--

ALTER TABLE ONLY public."Missions"
    ADD CONSTRAINT "FK_Missions_Country_CountryId" FOREIGN KEY ("CountryId") REFERENCES public."Country"("Id") ON DELETE CASCADE;


--
-- TOC entry 4752 (class 2606 OID 16613)
-- Name: Missions FK_Missions_MissionThemes_MissionThemeId; Type: FK CONSTRAINT; Schema: public; Owner: postgres
--

ALTER TABLE ONLY public."Missions"
    ADD CONSTRAINT "FK_Missions_MissionThemes_MissionThemeId" FOREIGN KEY ("MissionThemeId") REFERENCES public."MissionThemes"("Id") ON DELETE CASCADE;


-- Completed on 2025-06-13 09:45:50

--
-- PostgreSQL database dump complete
--

